{"cameraMode":{"drawMode":0,"name":"Shaded","section":"Shading Mode"},"sceneLighting":false,"audioPlay":false,"sceneViewState":{"showFog":false,"showMaterialUpdate":true,"showSkybox":true,"showFlares":true,"showImageEffects":true,"showParticleSystems":true},"in2DMode":false,"pivot":{"x":-8.440292358398438,"y":-52.827178955078128,"z":174.65200805664063},"rotation":{"x":0.2054828703403473,"y":-0.019961461424827577,"z":0.0041924272663891319,"w":0.9784530997276306},"size":128.1630859375,"orthographic":false}